Reference(s),Value,Footprint,,Description,Mfr No,Mfr No.,Vendor,Qty
C1,100n,Capacitor_SMD:C_0805_2012Metric,,,,,,1
"C2, C10, C57, C58, C59, C60, C61, C62, C63, C64, C65, C66, C67, C69, C70, C72, C73, C77, C79, C80, C81",100n,Capacitor_SMD:C_0402_1005Metric,,,,,,21
"C3, C74, C75, C76, C94",1u,Capacitor_SMD:C_0402_1005Metric,,,,,,5
"C4, C5, C8, C9, C55, C56",10uF,Capacitor_SMD:C_0603_1608Metric,,,,CL10A106MQ8NNNC,,6
"C6, C7",100nF,Capacitor_SMD:C_0402_1005Metric,,,,0402B104K6R3CT,,2
"C11, C82, C93",1nF,Capacitor_SMD:C_0402_1005Metric,,,C0402C102J1GEC7411,C0402C102J1GEC7411,,3
"C12, C13, C44, C45",22pF,Capacitor_SMD:C_0402_1005Metric,,,CC0402JRNPO9BN220,,,4
"C14, C15, C16, C17, C18, C20, C21, C22, C23, C28, C29, C30, C31, C32, C33, C34, C35, C36, C37, C38, C39, C40, C41, C42, C43, C46, C47, C49, C50, C51, C53, C54, C88, C89, C90, C91, C116",0.1uF,Capacitor_SMD:C_0402_1005Metric,,,,,,37
"C19, C105, C109, C112, C113, C134",1uF,Capacitor_SMD:C_0402_1005Metric,,,CL05A105KQ5NNNC,,,6
C48,0.1uf,Capacitor_SMD:C_0402_1005Metric,,,,,,1
C52,2.2uF,Capacitor_SMD:C_0402_1005Metric,,,,,,1
"C68, C71",22p,Capacitor_SMD:C_0402_1005Metric,,,,,,2
C78,10u,Capacitor_SMD:C_0402_1005Metric,,,,,,1
"C83, C84",18pF,Capacitor_SMD:C_0402_1005Metric,,,,,,2
C85,1uF_1%_0.1ohm,Capacitor_SMD:C_0603_1608Metric,,,,GMC10X7R105J16NT,,1
C86,1uF,Capacitor_SMD:C_0603_1608Metric,,,,GMC10X7R105J16NT,,1
"C87, C92",4.7uF,Capacitor_SMD:C_0603_1608Metric,,,,CL10A475KQ8NNNC,,2
"C95, C96",100u,Capacitor_Tantalum_SMD:CP_EIA-3528-21_Kemet-B,,,,TLJB227M006R0500,,2
"C97, C98, C99, C100",15p,Capacitor_SMD:C_0402_1005Metric,,50V,,,,4
C101,22p,Capacitor_SMD:C_0805_2012Metric,,,,,,1
C103,1uF_50V,Capacitor_SMD:C_0402_1005Metric,,,, CL05A105KA5NQNC,,1
C104,1uF,Capacitor_SMD:C_0402_1005Metric,,,,,,1
"C106, C110",0.1uF_25V,Capacitor_SMD:C_0402_1005Metric,,,,GMC04X7R104K25NT,,2
"C107, C108",22uF,Capacitor_SMD:C_0805_2012Metric,,,,GMC21X5R226M25NT,,2
C111,1nF>25v,Capacitor_SMD:C_0402_1005Metric,,,,CC0402KRX7R9BB102,,1
"C114, C115",100pF,Capacitor_SMD:C_0402_1005Metric,,,,,,2
"C117, C118",4.7uF,Capacitor_Tantalum_SMD:CP_EIA-3528-21_Kemet-B,,,,,,2
C119,4.7u,Capacitor_SMD:C_0603_1608Metric,,X5R,,,,1
"C120, C121, C126, C127",22u,Capacitor_SMD:C_0805_2012Metric,,,,,,4
"C122, C130, C131",100n,Capacitor_SMD:C_0603_1608Metric,,,,,,3
C123,470n,Capacitor_SMD:C_0603_1608Metric,,,,,,1
C124,1n,Capacitor_SMD:C_0603_1608Metric,,,,,,1
C125,1.2n,Capacitor_SMD:C_0603_1608Metric,,,,,,1
"C128, C129",10u,Capacitor_SMD:C_0603_1608Metric,,,,,,2
"C132, C133",22uF,Capacitor_SMD:C_0603_1608Metric,,,,,,2
C135,4.7uF,Capacitor_SMD:C_0402_1005Metric,,,, GRM155R60J475ME87D,,1
C136,120Pf_1mOHM,Capacitor_SMD:C_0402_1005Metric,,,,0402CG121J500NT,,1
C137,10uF_1mOHM_402,Capacitor_SMD:C_0402_1005Metric,,,,GRM155R60G106ME44D,,1
CC1,CC1,greencharge-footprints:TP_PAD_1.5x0.8,,,,,,1
CC2,CC2,greencharge-footprints:TP_PAD_1.5x0.8,,,,,,1
"D1, D2, D3, D4, D5, D6, D7, D8, D9, D13, D14, D15, D16",TVS_SS-ESD122DMXR,greencharge-footprints:DMX0003A,,2-Channel ESD Protection Diode for USB Type-C and HDMI 2.0,,,,13
"D10, D11, D12",D,Diode_SMD:D_0402_1005Metric,,,,B5817WS,,3
"D25, D27, D32",ESDA25P35,digikey-footprints:SOD-523,,TVS DIODE 3.3V 14.1V SOD523,,,,3
D26,SSB44-E3/52T,Diode_SMD:D_SMB,,,,SSB44-E3/52T,,1
D28,SBR10U45SP5-13,Diode_SMD:D_PowerDI-5,,,,,,1
"D29, D30, D31",SMAJ30A,Diode_SMD:D_SMA,,,,,,3
D33,D_Schottky_Small,Diode_SMD:D_SMA,,,,,,1
D34,SK106B,Diode_SMD:D_SMB,,,,,,1
D+1,D+,greencharge-footprints:TP_PAD_1.5x0.8,,,,,,1
D-1,D-,greencharge-footprints:TP_PAD_1.5x0.8,,,,,,1
"FB1, FB2",Ferrite Bead,Inductor_SMD:L_0603_1608Metric,,,,,,2
HDMI1,HDMI_CONN_19pin,greencharge-footprints:HDMI_FEMALE_CONN_685119134923,,,,,,1
IC1,TUSB564,greencharge-footprints:TUSB564,,USB TYPE-C DP Alt Mode Linear Redriver Crosspoint Switch for Sink Side,,,,1
IC2,USB2240-AEZG-06,Package_DFN_QFN:QFN-36-1EP_6x6mm_P0.5mm_EP3.7x3.7mm,,"USB2240-AEZG-06, USB Controller 35Mbit/s USB 2.0, 3.3 V, 36-Pin, QFN",,,,1
IC4,STUSB4500QTR-Interface_USB,Package_DFN_QFN:QFN-24-1EP_4x4mm_P0.5mm_EP2.7x2.7mm,,,,,,1
IC5,STUSB4700YQTR,Package_DFN_QFN:QFN-24-1EP_4x4mm_P0.5mm_EP2.7x2.7mm,,USB Interface IC CONDITIONING & INTERFACES,,,,1
IC6,TPS62824ADMQR,greencharge-footprints:TPS62824ADMQR,,"Switching Voltage Regulators 2.4-V to 5.5-V input, 1-A step-down converter with forced PWM in 1.5-mm 1.5-mm QFN package 6-VSON-HR -40 to 125",,,,1
J1,SD-106M,greencharge-footprints:sd_card_SD106M,,Connector - Card Sockets 29.2x28.5x2.8mm,,,,1
J2,TF-115-BCP9,greencharge-footprints:sd_tf_card_TF115BCP9,,-25~{+85} 1.8mm Tin Deck MicroSD card (TF card) 260 C5191 Self bomb SMD SD Card Connectors ROHS,,,,1
J3,TYPEC-324DBW-ACP24A,greencharge-footprints:GCT_USB4056-03-A_REVA,,,,,,1
"J4, J5",USB3_A,greencharge-footprints:usb_A_3.0_U231091N3GRC105,,,,,,2
J6,RJ_45_CONN_100G_J1B1211CCD,greencharge-footprints:RJ45_CONN_J1B1211CCD,,,,,,1
J7,54-00178,Connector_Audio:Jack_3.5mm_PJ311_Horizontal,,,,,,1
"L1, L6",0.5A_120R_100MHz,Inductor_SMD:L_0402_1005Metric,,,,,,2
L2,MWSA1004S-100MT,greencharge-footprints:MWSA1004S-3R3MT,,7.8A 10uH ±20% 30mΩ SMD Power Inductors ROHS,,,,1
L3,8.2uH_8A,greencharge-footprints:MWSA1004S-3R3MT,,,,,,1
L4,YSPI0520-4R7M,greencharge-footprints:YSPI0520,,,,,,1
L5,470nH_30m,greencharge-footprints:DFE252012PD-xxx,,,,DFE252012PD-R47M=P2,,1
L7,2A_BEAD,Inductor_SMD:L_0402_1005Metric,,,,,,1
Q1,STL6P3LLH6,greencharge-footprints:STL6P3LLH6,,,,,,1
Q2,SI2307A,Package_TO_SOT_SMD:SOT-23,,,,,,1
"Q3, Q4, Q5, Q6","BSH105,215",Package_TO_SOT_SMD:SOT-23,,MOSFET N-CH 60V 0.36A SOT-23,,,,4
Q7,HSU4103,greencharge-footprints:TO-252-3_tabpin-2,,,,,,1
Q8,AP25P06K,greencharge-footprints:TO-252-3_tabpin-2,,,,,,1
R1,0R,Resistor_SMD:R_0603_1608Metric,,,,,,1
"R2, R3",6.8K,Resistor_SMD:R_0603_1608Metric,,,,,,2
"R4, R12, R13, R14, R15",1K,Resistor_SMD:R_0402_1005Metric,,,,,,5
"R5, R6, R7, R8, R9, R19, R32, R34, R35, R36, R79",10K,Resistor_SMD:R_0402_1005Metric,,,,,,11
"R10, R11",200K,Resistor_SMD:R_0402_1005Metric,,,,,,2
R16,1M,Resistor_SMD:R_0402_1005Metric,,,,,,1
R17,47K,Resistor_SMD:R_0402_1005Metric,,,,,,1
"R18, R49, R50, R51, R60, R64, R67, R69",100K,Resistor_SMD:R_0402_1005Metric,,,,0402WGF1003TCE,,8
"R20, R27, R28",12K,Resistor_SMD:R_0402_1005Metric,,,,,,3
R21,2.2K_402,Resistor_SMD:R_0402_1005Metric,,,,0402WGJ0222TCE,,1
R22,100K,Resistor_SMD:R_0805_2012Metric,,,,0805W8F1003T5E,,1
R23,249OHM/1%,Resistor_SMD:R_0603_1608Metric,,,,ARG03BTC2490,,1
"R24, R25, R26",4.7K,Resistor_SMD:R_0402_1005Metric,,,,0402WGF4701TCE,,3
"R29, R42",0R_1206,Resistor_SMD:R_1206_3216Metric,,,,,,2
"R30, R31",332R,Resistor_SMD:R_0402_1005Metric,,,,,,2
R33,12K_1%,Resistor_SMD:R_0402_1005Metric,,,,RTT021202FTH,,1
"R37, R38, R39, R40, R41",49.9R,Resistor_SMD:R_0402_1005Metric,,,,,,5
R43,470,Resistor_SMD:R_0603_1608Metric,,,,HPCR0603F470RK9,,1
"R44, R48",1K,Resistor_SMD:R_0603_1608Metric,,,,ERJPB3D1001V,,2
"R45, R52, R80, R82",100K,Resistor_SMD:R_0603_1608Metric,,,,HPCR0603F200KK9,,4
"R46, R47",22K,Resistor_SMD:R_0603_1608Metric,,,,ERJP03J223V,,2
R53,11K,Resistor_SMD:R_0603_1608Metric,,,,,,1
R54,47.5K,Resistor_SMD:R_0603_1608Metric,,,,,,1
"R55, R61, R75",10K,Resistor_SMD:R_0603_1608Metric,,,,,,3
R56,2.2K,Resistor_SMD:R_0603_1608Metric,,,,,,1
R57,270,Resistor_SMD:R_0603_1608Metric,,,,HPCR0603F270RK9,,1
R58,9.53K,Resistor_SMD:R_0603_1608Metric,,,,0603WAF9531T5E,,1
R59,820,Resistor_SMD:R_0603_1608Metric,,,,,,1
R62,30K,Resistor_SMD:R_0603_1608Metric,,,,0603WAF3002T5E,,1
R63,8.87K_603,Resistor_SMD:R_0603_1608Metric,,,,ERJ-3EKF3651V,,1
R65,3K_603,Resistor_SMD:R_0603_1608Metric,,,,RC0603FR-103KL,,1
R66,2.4K_603,Resistor_SMD:R_0603_1608Metric,,,,SDR03EZPF2401,,1
R68,3.65K_603,Resistor_SMD:R_0603_1608Metric,,,RMCF0603FT3K65,,,1
R70,2.2K_805,Resistor_SMD:R_0603_1608Metric,,,RC0805FR-132K2L,,,1
R71,10k,Resistor_SMD:R_0603_1608Metric,,,,,,1
R72,44.2K,Resistor_SMD:R_0603_1608Metric,,,,,,1
R73,2.21K,Resistor_SMD:R_0603_1608Metric,,,,,,1
R74,10m,Resistor_SMD:R_1206_3216Metric,,,,,,1
R76,3.32K,Resistor_SMD:R_0603_1608Metric,,,,,,1
R77,30R,Resistor_SMD:R_0402_1005Metric,,,,,,1
R78,30.9K,Resistor_SMD:R_0402_1005Metric,,,,,,1
R81,82.5K,Resistor_SMD:R_0603_1608Metric,,,,CRCW060382K5FKEA,,1
RX1_N1,RX1_N,greencharge-footprints:TP_PAD_1.5x0.8,,,,,,1
RX1_P1,RX1_P,greencharge-footprints:TP_PAD_1.5x0.8,,,,,,1
RX2_N1,RX2_N,greencharge-footprints:TP_PAD_1.5x0.8,,,,,,1
RX2_P1,RX2_P,greencharge-footprints:TP_PAD_1.5x0.8,,,,,,1
SBU1,SBU1,greencharge-footprints:TP_PAD_1.5x0.8,,,,,,1
SBU2,SBU2,greencharge-footprints:TP_PAD_1.5x0.8,,,,,,1
TP2,SYS_PWR_TP,brilliant-kicad-library:TestPoint_Pad_D0.9mm,,,,,,1
TP3,BRD_PWR_TP,brilliant-kicad-library:TestPoint_Pad_D0.9mm,,,,,,1
TP4,+5V_TP,brilliant-kicad-library:TestPoint_Pad_D0.9mm,,,,,,1
TP5,+3V3_TP,brilliant-kicad-library:TestPoint_Pad_D0.9mm,,,,,,1
TP6,1V1_TP,brilliant-kicad-library:TestPoint_Pad_D0.9mm,,,,,,1
TP_vbus1,VBUS_TP,brilliant-kicad-library:TestPoint_Pad_D0.9mm,,,,,,1
TX1_N1,TX1_N,greencharge-footprints:TP_PAD_1.5x0.8,,,,,,1
TX1_P1,TX1_P,greencharge-footprints:TP_PAD_1.5x0.8,,,,,,1
TX2_N1,TX2_N,greencharge-footprints:TP_PAD_1.5x0.8,,,,,,1
TX2_P1,TX2_P,greencharge-footprints:TP_PAD_1.5x0.8,,,,,,1
"U1, U2",SY6280,Package_TO_SOT_SMD:SOT-23-5,,,,,,2
U3,USB7206-usb_hub_controller,greencharge-footprints:QFN-100_40P1200X1200X90-101N-D,,,,,,1
U4,MCDP2900,greencharge-footprints:BGA-64_8x8_7.0x7.0mm_MCDP2900,,,,,,1
U5,ZLDO1117G12TA,Package_TO_SOT_SMD:SOT-223-3_TabPin2,,,,,,1
U6,LAN9500AI-ABZJ-TR,greencharge-footprints:LAN950X_QFN50P800X800X100-57N,,,,,,1
U7,LM3489QMM,Package_SO:TSSOP-8_3x3mm_P0.65mm,,,,,,1
U8,SQJ951EP,Package_SO:PowerPAK_SO-8_Dual,,,,,,1
U9,CWDM3011P,Package_SO:SOIC-8_3.9x4.9mm_P1.27mm,,,,,,1
U10,LM25085MM/NOPB,Package_SO:VSSOP-8_3.0x3.0mm_P0.65mm,,,,,,1
U11,TPS56339DDCR,Package_TO_SOT_SMD:SOT-23-6,,,,,,1
U12,TLV320AIC3104IRHBR,Package_DFN_QFN:VQFN-32-1EP_5x5mm_P0.5mm_EP3.5x3.5mm,,,,,,1
"USB_GND1, USB_GND3",USB_GND,greencharge-footprints:TP_PAD_1.5x0.8,,,,,,2
"USB_GND2, USB_GND4",USB_GND2,greencharge-footprints:TP_PAD_1.5x0.8,,,,,,2
VBUS1,VBUS,greencharge-footprints:TP_PAD_1.5x0.8,,,,,,1
Y1,25MHz_402F2501XIAR,Crystal:Crystal_SMD_2016-4Pin_2.0x1.6mm,,,,402F2501XIAR,,1
Y2,27MHz,Crystal:Crystal_SMD_Abracon_ABM8G-4Pin_3.2x2.5mm,,,,ABM8G-27.000MHZ-B4Y-T,,1
Y3,25MHz,Crystal:Crystal_SMD_2520-4Pin_2.5x2.0mm,,,,,,1
Y4,24.0MHz,Crystal:Crystal_SMD_2016-4Pin_2.0x1.6mm,,,,ABM11-24.000MHZ-D2X-T3,,1
